submission_id,config,run_index,model_name,pipeline_version,overall,novelty,rigor,applicability,clarity,citation,input_tokens,output_tokens,evaluation_id,run_kind
MS9nWFY7LG,full,0,gpt-5.4,v6,78,82,79,75,78,56,301693,15713,7710dd4e-34a3-4403-b212-5a114ad0ebcf,adhoc
MS9nWFY7LG,naive,0,gpt-5.4,naive,81,,,,,,30754,376,,adhoc
MS9nWFY7LG,full,1,gpt-5.4,v6,77,78,77,76,79,64,242321,17055,554b302c-e564-4946-abc8-10438ff3cd87,adhoc
MS9nWFY7LG,naive,1,gpt-5.4,naive,74,,,,,,30752,573,,adhoc
MS9nWFY7LG,full,2,gpt-5.4,v6,75,77,74,72,78,80,296160,15595,2ca9b833-cade-4d8e-987f-9355afc4bfdb,adhoc
MS9nWFY7LG,naive,2,gpt-5.4,naive,76,,,,,,30752,722,,adhoc
e3XLWHFrnr,full,0,gpt-5.4,v6,76,79,78,72,75,72,279618,15260,f81585e3-b56d-4f5a-91d0-9a8d23c32b63,adhoc
e3XLWHFrnr,naive,0,gpt-5.4,naive,74,,,,,,26773,620,,adhoc
e3XLWHFrnr,full,1,gpt-5.4,v6,75,78,74,72,76,84,278986,18916,19e8f6b0-4fe5-4e87-b4d0-4ea83f951fc8,adhoc
e3XLWHFrnr,naive,1,gpt-5.4,naive,74,,,,,,26775,566,,adhoc
e3XLWHFrnr,full,2,gpt-5.4,v6,76,79,75,72,78,76,224821,17705,c3af2dd1-4777-41c5-9eb3-90f9780c25d7,adhoc
e3XLWHFrnr,naive,2,gpt-5.4,naive,78,,,,,,26775,299,,adhoc
2tgeU3xO1r,full,0,gpt-5.4,v6,71,77,72,58,81,100,271182,16615,c95848bd-1d1f-4c0f-8134-d12252bd61db,adhoc
2tgeU3xO1r,naive,0,gpt-5.4,naive,72,,,,,,34992,381,,adhoc
2tgeU3xO1r,full,1,gpt-5.4,v6,71,78,74,57,81,92,613541,15927,4bc6b48a-f93b-453d-a0df-e1b1973ca11b,adhoc
2tgeU3xO1r,naive,1,gpt-5.4,naive,68,,,,,,34992,259,,adhoc
2tgeU3xO1r,full,2,gpt-5.4,v6,70,76,72,57,82,100,264754,17285,3a63b9fa-230a-4f1c-97fc-b3b38ac84330,adhoc
2tgeU3xO1r,naive,2,gpt-5.4,naive,62,,,,,,34990,236,,adhoc
zATqiLdjfM,naive,0,gpt-5.4,naive,46,,,,,,38584,392,,adhoc
zATqiLdjfM,full,1,gpt-5.4,v6,69,72,66,68,77,60,288576,13569,068c6c31-de15-4da2-a12a-8a2473d18166,adhoc
zATqiLdjfM,naive,1,gpt-5.4,naive,38,,,,,,38575,458,,adhoc
zATqiLdjfM,full,2,gpt-5.4,v6,69,72,66,68,78,56,296756,15468,caa31b1e-cd00-4c6e-a852-95f6ce383e7e,adhoc
zATqiLdjfM,naive,2,gpt-5.4,naive,46,,,,,,38575,385,,adhoc
6AhDxoT6rq,naive,0,gpt-5.4,naive,74,,,,,,60641,2282,,adhoc
zATqiLdjfM,full,0,gpt-5.4,v6,68,66,68,67,79,72,186545,13435,30b012ba-0bb9-42a3-8311-c8f24d60bd53,adhoc
MS9nWFY7LG,full_mini,0,gpt-5.4-mini,v6,75,74,73,78,76,72,246111,15538,d50ab3ed-41aa-4685-9d3c-d78197a4272d,adhoc
MS9nWFY7LG,naive_mini,0,gpt-5.4-mini,naive,74,,,,,,30755,239,,adhoc
MS9nWFY7LG,full_mini,1,gpt-5.4-mini,v6,71,73,76,68,78,40,245815,17438,af6e3af7-0ccb-4163-ba71-b0fd976f9f77,adhoc
MS9nWFY7LG,naive_mini,1,gpt-5.4-mini,naive,74,,,,,,30755,304,,adhoc
MS9nWFY7LG,full_mini,2,gpt-5.4-mini,v6,77,77,75,77,79,88,237670,19061,d8fff073-5a7a-4958-a7e0-dfb46df63627,adhoc
MS9nWFY7LG,naive_mini,2,gpt-5.4-mini,naive,81,,,,,,30756,268,,adhoc
e3XLWHFrnr,full_mini,0,gpt-5.4-mini,v6,69,74,72,62,74,72,218373,13399,e96b32d3-bed1-4eac-9e76-f1a586761ee6,adhoc
e3XLWHFrnr,naive_mini,0,gpt-5.4-mini,naive,72,,,,,,26777,200,,adhoc
e3XLWHFrnr,full_mini,1,gpt-5.4-mini,v6,70,77,73,61,76,68,275390,21820,4c1ca0cc-4604-4043-9f56-f3cb1bbe5dc7,adhoc
e3XLWHFrnr,naive_mini,1,gpt-5.4-mini,naive,78,,,,,,26775,154,,adhoc
e3XLWHFrnr,full_mini,2,gpt-5.4-mini,v6,71,74,72,67,72,68,213350,17704,38adfa48-adcb-4d7c-95bd-02d683247991,adhoc
e3XLWHFrnr,naive_mini,2,gpt-5.4-mini,naive,74,,,,,,26777,215,,adhoc
2tgeU3xO1r,full_mini,0,gpt-5.4-mini,v6,57,67,69,31,78,84,261222,17768,458ebe4e-8978-4f5e-9c50-3cc248b37552,adhoc
2tgeU3xO1r,naive_mini,0,gpt-5.4-mini,naive,72,,,,,,34997,203,,adhoc
2tgeU3xO1r,full_mini,1,gpt-5.4-mini,v6,63,75,68,42,78,88,261221,19135,ffb3d90a-d8a1-4422-9e2b-9e6a61f7fc14,adhoc
2tgeU3xO1r,naive_mini,1,gpt-5.4-mini,naive,62,,,,,,34992,179,,adhoc
2tgeU3xO1r,full_mini,2,gpt-5.4-mini,v6,62,74,67,43,78,72,206961,16693,78f45264-02af-45d4-8e0e-013026f99c24,adhoc
2tgeU3xO1r,naive_mini,2,gpt-5.4-mini,naive,68,,,,,,34994,175,,adhoc
zATqiLdjfM,full_mini,0,gpt-5.4-mini,v6,57,57,54,57,73,40,225856,12365,ea8af9c3-4b49-46b7-bf66-c700a91a3531,adhoc
zATqiLdjfM,naive_mini,0,gpt-5.4-mini,naive,46,,,,,,38585,192,,adhoc
zATqiLdjfM,full_mini,1,gpt-5.4-mini,v6,59,57,61,53,76,80,224885,15085,edc71a4e-b98a-4474-aff3-f7b994deab63,adhoc
zATqiLdjfM,naive_mini,1,gpt-5.4-mini,naive,58,,,,,,38593,273,,adhoc
zATqiLdjfM,full_mini,2,gpt-5.4-mini,v6,61,57,63,59,74,64,294244,15072,e711ad85-1648-40a8-9272-9ee0ea7643a9,adhoc
zATqiLdjfM,naive_mini,2,gpt-5.4-mini,naive,52,,,,,,38587,168,,adhoc
6AhDxoT6rq,full_mini,0,gpt-5.4-mini,v6,73,76,72,68,73,100,331589,15692,ad491426-98cc-4704-90eb-e11253536320,adhoc
6AhDxoT6rq,naive_mini,0,gpt-5.4-mini,naive,57,,,,,,60641,280,,adhoc
6AhDxoT6rq,full_mini,1,gpt-5.4-mini,v6,73,75,74,67,72,100,330448,18370,0db780fe-19f6-44ed-b99b-0bc53d38c5a1,adhoc
6AhDxoT6rq,naive_mini,1,gpt-5.4-mini,naive,81,,,,,,60645,316,,adhoc
6AhDxoT6rq,full_mini,2,gpt-5.4-mini,v6,73,78,74,69,66,76,491197,20605,70b4d28b-a51a-49b5-946d-e51bcbdae162,adhoc
6AhDxoT6rq,naive_mini,2,gpt-5.4-mini,naive,68,,,,,,60642,383,,adhoc
Ml8t8kQMUP,full_mini,0,gpt-5.4-mini,v6,65,73,66,55,71,72,422522,11182,c3f631f3-d89d-4384-9c17-507e3d22a31f,adhoc
Ml8t8kQMUP,naive_mini,0,gpt-5.4-mini,naive,58,,,,,,61480,227,,adhoc
Ml8t8kQMUP,full_mini,1,gpt-5.4-mini,v6,68,76,66,58,68,100,338343,16304,b9f17ce0-9911-45d6-9527-df76a495ca10,adhoc
Ml8t8kQMUP,naive_mini,1,gpt-5.4-mini,naive,44,,,,,,61480,179,,adhoc
Ml8t8kQMUP,full_mini,2,gpt-5.4-mini,v6,67,74,66,58,68,80,502531,20689,20dbc2b2-ab17-4878-8cdb-5175f5dc956e,adhoc
Ml8t8kQMUP,naive_mini,2,gpt-5.4-mini,naive,42,,,,,,61480,142,,adhoc
FZczi1S2ji,full_mini,0,gpt-5.4-mini,v6,59,58,62,58,53,72,329971,14568,3e19d3d9-eaa1-4396-ab32-f200f22428e3,adhoc
FZczi1S2ji,naive_mini,0,gpt-5.4-mini,naive,27,,,,,,46707,236,,adhoc
FZczi1S2ji,full_mini,1,gpt-5.4-mini,v6,59,58,61,60,62,48,328511,16354,ceae0093-f4dc-415a-8f26-fd8a6a2a1f03,adhoc
FZczi1S2ji,naive_mini,1,gpt-5.4-mini,naive,28,,,,,,46705,225,,adhoc
FZczi1S2ji,full_mini,2,gpt-5.4-mini,v6,57,58,60,55,54,48,266766,20317,b065a0bc-0c82-4404-8bcb-d1ff398faef8,adhoc
FZczi1S2ji,naive_mini,2,gpt-5.4-mini,naive,28,,,,,,46705,246,,adhoc
87ySF7viys,full_mini,0,gpt-5.4-mini,v6,68,67,78,63,72,76,221530,23877,beeebfc0-311e-413c-bed6-dba7c6a0b72d,adhoc
87ySF7viys,naive_mini,0,gpt-5.4-mini,naive,78,,,,,,29178,237,,adhoc
87ySF7viys,full_mini,1,gpt-5.4-mini,v6,67,61,77,67,68,84,237506,17480,c4edcd5b-92fe-4307-a0fe-1869bd8acae7,adhoc
87ySF7viys,naive_mini,1,gpt-5.4-mini,naive,74,,,,,,29178,210,,adhoc
87ySF7viys,full_mini,2,gpt-5.4-mini,v6,70,67,76,68,74,84,225835,16534,ae7ac894-4c73-459d-a318-86e275642294,adhoc
87ySF7viys,naive_mini,2,gpt-5.4-mini,naive,73,,,,,,29181,136,,adhoc
8NuN5UzXLC,full_mini,0,gpt-5.4-mini,v6,72,74,71,67,72,100,395895,15110,f07253d2-03d9-4723-b30d-1fadca45c3ee,adhoc
8NuN5UzXLC,naive_mini,0,gpt-5.4-mini,naive,72,,,,,,58421,181,,adhoc
8NuN5UzXLC,full_mini,1,gpt-5.4-mini,v6,69,69,71,63,74,100,326923,23016,5201b48b-61be-4de3-8802-d66783fdbc7b,adhoc
8NuN5UzXLC,naive_mini,1,gpt-5.4-mini,naive,72,,,,,,58418,197,,adhoc
8NuN5UzXLC,full_mini,2,gpt-5.4-mini,v6,72,73,71,67,74,100,324161,16450,8a3a7c45-d2ee-40de-bc4a-a4124d06b0db,adhoc
8NuN5UzXLC,naive_mini,2,gpt-5.4-mini,naive,76,,,,,,58423,217,,adhoc
2za3iNkwXn,full_mini,0,gpt-5.4-mini,v6,69,68,72,67,78,72,249759,23795,eba89d82-9759-436d-9daa-838ee585977a,adhoc
2za3iNkwXn,naive_mini,0,gpt-5.4-mini,naive,74,,,,,,31824,210,,adhoc
2za3iNkwXn,full_mini,1,gpt-5.4-mini,v6,65,58,74,60,79,88,314283,12060,df9b69f2-934d-490e-9fed-640623dd6373,adhoc
2za3iNkwXn,naive_mini,1,gpt-5.4-mini,naive,72,,,,,,31824,192,,adhoc
2za3iNkwXn,full_mini,2,gpt-5.4-mini,v6,68,61,74,68,77,88,251572,18501,d1ed7bf0-2f5d-4e48-93d1-78c0cdc3ae95,adhoc
2za3iNkwXn,naive_mini,2,gpt-5.4-mini,naive,72,,,,,,31841,402,,adhoc
vzlDdOzXAh,full_mini,0,gpt-5.4-mini,v6,70,68,72,67,77,88,317324,19805,a4f71aa4-6c87-4d7b-8a3c-58bfde3f2ced,adhoc
vzlDdOzXAh,naive_mini,0,gpt-5.4-mini,naive,72,,,,,,35981,289,,adhoc
vzlDdOzXAh,full_mini,1,gpt-5.4-mini,v6,67,61,74,64,75,84,212082,21650,d21f4ff6-efd1-460f-9a6f-f74cb3d453a8,adhoc
vzlDdOzXAh,naive_mini,1,gpt-5.4-mini,naive,72,,,,,,35983,234,,adhoc
vzlDdOzXAh,full_mini,2,gpt-5.4-mini,v6,67,60,73,68,76,84,211286,13763,9fdda8fa-c4cd-4446-bf84-d6a1c3d7d72a,adhoc
vzlDdOzXAh,naive_mini,2,gpt-5.4-mini,naive,72,,,,,,35983,191,,adhoc
skRDw08ql6,full_mini,0,gpt-5.4-mini,v6,66,62,70,64,75,72,220491,14508,f3397d3c-abf8-48ac-ab62-f233754e9d0b,adhoc
skRDw08ql6,naive_mini,0,gpt-5.4-mini,naive,62,,,,,,27630,201,,adhoc
skRDw08ql6,full_mini,1,gpt-5.4-mini,v6,68,63,73,68,77,76,225477,15268,dd251762-d250-46a9-b3b9-366b6c30b0fd,adhoc
skRDw08ql6,naive_mini,1,gpt-5.4-mini,naive,55,,,,,,27630,172,,adhoc
skRDw08ql6,full_mini,2,gpt-5.4-mini,v6,64,56,72,63,79,84,222080,16087,c9c30c45-ec93-4c01-8fbb-ead13bf889f5,adhoc
skRDw08ql6,naive_mini,2,gpt-5.4-mini,naive,62,,,,,,27628,203,,adhoc
Xhf9YqwlM4,full_mini,0,gpt-5.4-mini,v6,80,88,93,64,75,96,263710,18515,5e9bf7b1-ef3b-4b90-8a00-85695b48351e,adhoc
Xhf9YqwlM4,naive_mini,0,gpt-5.4-mini,naive,78,,,,,,45995,179,,adhoc
Xhf9YqwlM4,full_mini,1,gpt-5.4-mini,v6,75,83,89,57,72,100,259425,13901,789a44e8-2939-439e-bbd0-8e2cf1e8c57b,adhoc
Xhf9YqwlM4,naive_mini,1,gpt-5.4-mini,naive,78,,,,,,45994,193,,adhoc
Xhf9YqwlM4,full_mini,2,gpt-5.4-mini,v6,77,87,85,61,72,100,330376,13396,c24e557b-1065-4c17-a03c-b642f0fc1664,adhoc
Xhf9YqwlM4,naive_mini,2,gpt-5.4-mini,naive,76,,,,,,45993,247,,adhoc
KkT3f2N4oF,full_mini,0,gpt-5.4-mini,v6,57,54,57,57,63,80,264008,22335,412ec636-f695-459d-8c3f-a5d116405c45,adhoc
KkT3f2N4oF,naive_mini,0,gpt-5.4-mini,naive,42,,,,,,24532,220,,adhoc
KkT3f2N4oF,full_mini,1,gpt-5.4-mini,v6,59,59,55,57,63,84,238749,13070,826f67f0-a5b5-4633-9bdf-4223b8e7b7fc,adhoc
KkT3f2N4oF,naive_mini,1,gpt-5.4-mini,naive,18,,,,,,24525,166,,adhoc
KkT3f2N4oF,full_mini,2,gpt-5.4-mini,v6,64,61,67,61,67,100,155434,11993,b279a2a0-b4a1-4f29-8fbb-52eae9ddbbdb,adhoc
KkT3f2N4oF,naive_mini,2,gpt-5.4-mini,naive,35,,,,,,24529,195,,adhoc
d5qElNtXS5,full_mini,0,gpt-5.4-mini,v6,58,60,56,54,61,84,176663,22492,6ee9ffda-8d12-4721-a563-a6036018913b,adhoc
d5qElNtXS5,naive_mini,0,gpt-5.4-mini,naive,24,,,,,,28592,204,,adhoc
d5qElNtXS5,full_mini,1,gpt-5.4-mini,v6,60,63,59,55,61,72,175917,16525,fba67d25-08bd-417a-ae75-e5a16b75db63,adhoc
d5qElNtXS5,naive_mini,1,gpt-5.4-mini,naive,42,,,,,,28595,275,,adhoc
d5qElNtXS5,full_mini,2,gpt-5.4-mini,v6,59,60,57,56,60,76,175672,14610,99f0826a-8c60-4f76-a0be-4fe48a66bae7,adhoc
d5qElNtXS5,naive_mini,2,gpt-5.4-mini,naive,28,,,,,,28596,177,,adhoc
Vsgq2ldr4K,full_mini,0,gpt-5.4-mini,v6,66,68,64,58,76,100,148873,9526,f39e7822-6843-4df9-ac86-3a741cc67aa7,adhoc
Vsgq2ldr4K,naive_mini,0,gpt-5.4-mini,naive,42,,,,,,23642,187,,adhoc
Vsgq2ldr4K,full_mini,1,gpt-5.4-mini,v6,67,72,68,56,76,88,197752,15754,ab2f27b6-ebba-4ece-b2e7-8859389baf71,adhoc
Vsgq2ldr4K,naive_mini,1,gpt-5.4-mini,naive,42,,,,,,23642,201,,adhoc
Vsgq2ldr4K,full_mini,2,gpt-5.4-mini,v6,64,67,68,58,72,64,202565,15593,5bf31d51-de83-46ca-9281-52b4f53fca39,adhoc
Vsgq2ldr4K,naive_mini,2,gpt-5.4-mini,naive,32,,,,,,23643,249,,adhoc
9C4gVbPqSy,full_mini,0,gpt-5.4-mini,v6,69,60,71,70,81,100,332539,19367,2ac3ca4c-3550-467a-9fd5-9a4a795df702,adhoc
9C4gVbPqSy,naive_mini,0,gpt-5.4-mini,naive,79,,,,,,60242,358,,adhoc
9C4gVbPqSy,full_mini,1,gpt-5.4-mini,v6,74,68,77,74,82,100,418960,15717,c3bf8aa4-a574-467a-835e-70fa4fca64a8,adhoc
9C4gVbPqSy,naive_mini,1,gpt-5.4-mini,naive,78,,,,,,60256,269,,adhoc
9C4gVbPqSy,full_mini,2,gpt-5.4-mini,v6,69,60,77,71,82,72,414910,20522,97ae6b30-d0d4-4cf5-b286-84652f821e8c,adhoc
9C4gVbPqSy,naive_mini,2,gpt-5.4-mini,naive,78,,,,,,60243,275,,adhoc
VKGTGGcwl6,full_mini,0,gpt-5.4-mini,v6,68,63,79,60,82,100,350046,13803,d918cb9e-996f-4ad5-9662-975eb8002f35,adhoc
VKGTGGcwl6,naive_mini,0,gpt-5.4-mini,naive,84,,,,,,50896,202,,adhoc
VKGTGGcwl6,full_mini,1,gpt-5.4-mini,v6,66,62,76,59,84,88,362732,15288,da329b49-f964-433c-a7db-1d73367c4e60,adhoc
VKGTGGcwl6,naive_mini,1,gpt-5.4-mini,naive,78,,,,,,50896,165,,adhoc
VKGTGGcwl6,full_mini,2,gpt-5.4-mini,v6,69,68,76,63,83,76,356431,12023,ae8e713b-9858-47fa-918e-e7a67cda3eb9,adhoc
VKGTGGcwl6,naive_mini,2,gpt-5.4-mini,naive,84,,,,,,50896,217,,adhoc
HcubxPWpw7,full_mini,0,gpt-5.4-mini,v6,71,72,71,67,78,76,330060,16288,bb168126-691d-4fd6-bcbf-8ef60ddfb651,adhoc
HcubxPWpw7,naive_mini,0,gpt-5.4-mini,naive,76,,,,,,45575,192,,adhoc
HcubxPWpw7,full_mini,1,gpt-5.4-mini,v6,71,71,72,66,74,100,260852,17494,6a13489d-c6eb-4cf3-9d3a-aa2d8a5b28b0,adhoc
HcubxPWpw7,naive_mini,1,gpt-5.4-mini,naive,71,,,,,,45570,244,,adhoc
HcubxPWpw7,full_mini,2,gpt-5.4-mini,v6,67,59,72,67,78,84,258690,13733,661e6116-76e6-4cd5-a56f-03afd3d64d50,adhoc
HcubxPWpw7,naive_mini,2,gpt-5.4-mini,naive,80,,,,,,45563,275,,adhoc
lKqE7UuMvp,full_mini,0,gpt-5.4-mini,v6,71,68,76,68,78,88,270581,16911,04e38a08-c9ac-432c-bd6f-d2412e21409e,adhoc
lKqE7UuMvp,naive_mini,0,gpt-5.4-mini,naive,78,,,,,,37217,196,,adhoc
lKqE7UuMvp,full_mini,1,gpt-5.4-mini,v6,73,74,77,69,74,72,269877,18420,7332b2c3-d0d5-43f9-9380-10319a960658,adhoc
lKqE7UuMvp,naive_mini,1,gpt-5.4-mini,naive,74,,,,,,37216,163,,adhoc
lKqE7UuMvp,full_mini,2,gpt-5.4-mini,v6,71,72,74,67,77,72,217554,13516,1e02ac33-309c-4dd7-9fa2-0244d031b07a,adhoc
lKqE7UuMvp,naive_mini,2,gpt-5.4-mini,naive,72,,,,,,37216,204,,adhoc
T5wkZJqzkz,full_mini,0,gpt-5.4-mini,v6,71,61,78,72,81,100,330893,16754,a376e58b-6397-4ea5-8bbd-2b6ca74799e1,adhoc
T5wkZJqzkz,naive_mini,0,gpt-5.4-mini,naive,78,,,,,,45287,210,,adhoc
T5wkZJqzkz,full_mini,1,gpt-5.4-mini,v6,73,68,77,73,81,92,332720,17822,d2928c7d-34de-4078-9f3d-d18ff8b55d3b,adhoc
T5wkZJqzkz,naive_mini,1,gpt-5.4-mini,naive,80,,,,,,45290,227,,adhoc
T5wkZJqzkz,full_mini,2,gpt-5.4-mini,v6,74,71,74,73,78,96,392145,19319,71291bf4-62d4-45e8-b701-f54d51ec01d0,adhoc
T5wkZJqzkz,naive_mini,2,gpt-5.4-mini,naive,74,,,,,,45293,236,,adhoc
v8yooSV1AW,full_mini,0,gpt-5.4-mini,v6,61,63,57,60,54,88,426645,16775,0ee1f74b-fc06-426b-9e05-7e3fe1f2dc9c,adhoc
v8yooSV1AW,naive_mini,0,gpt-5.4-mini,naive,38,,,,,,63549,197,,adhoc
v8yooSV1AW,full_mini,1,gpt-5.4-mini,v6,61,69,57,56,54,72,350079,16638,1f37775b-f10c-4ff2-b485-f599afca5505,adhoc
v8yooSV1AW,naive_mini,1,gpt-5.4-mini,naive,34,,,,,,63549,137,,adhoc
v8yooSV1AW,full_mini,2,gpt-5.4-mini,v6,64,69,66,57,62,72,432676,13264,996ed6fd-b50e-4da4-881e-4eaf0be074d5,adhoc
v8yooSV1AW,naive_mini,2,gpt-5.4-mini,naive,38,,,,,,63554,156,,adhoc
Q3yLIIkt7z,full_mini,0,gpt-5.4-mini,v6,69,78,68,57,73,100,288517,15608,4465590e-89c6-4be5-9333-16eab6f485cc,adhoc
Q3yLIIkt7z,naive_mini,0,gpt-5.4-mini,naive,74,,,,,,51720,309,,adhoc
Q3yLIIkt7z,full_mini,1,gpt-5.4-mini,v6,68,78,67,55,72,84,365751,15898,f13bc03a-bc34-4fed-85e2-e5b5e7cb84c0,adhoc
Q3yLIIkt7z,naive_mini,1,gpt-5.4-mini,naive,78,,,,,,51720,286,,adhoc
Q3yLIIkt7z,full_mini,2,gpt-5.4-mini,v6,64,74,67,48,72,88,363160,17206,aede35b4-8d61-41c7-8260-7031ad665cd3,adhoc
Q3yLIIkt7z,naive_mini,2,gpt-5.4-mini,naive,78,,,,,,51720,208,,adhoc
q8fTgw8e5E,full_mini,0,gpt-5.4-mini,v6,68,73,70,58,72,100,338480,15927,1b0cbf5b-864b-4e41-b2a3-4b6bd9316365,adhoc
q8fTgw8e5E,naive_mini,0,gpt-5.4-mini,naive,72,,,,,,49108,320,,adhoc
q8fTgw8e5E,full_mini,1,gpt-5.4-mini,v6,63,60,71,58,73,84,345251,13438,c1288835-676b-4314-9d61-9d76f66ef0f4,adhoc
q8fTgw8e5E,naive_mini,1,gpt-5.4-mini,naive,68,,,,,,49110,220,,adhoc
q8fTgw8e5E,full_mini,2,gpt-5.4-mini,v6,63,62,66,57,72,100,405742,16374,26134089-6166-4a15-9e03-fec9d5392530,adhoc
q8fTgw8e5E,naive_mini,2,gpt-5.4-mini,naive,67,,,,,,49110,235,,adhoc
NbdEDRRsCI,full_mini,0,gpt-5.4-mini,v6,75,74,77,72,80,80,178003,18109,d709e5e9-faa7-4142-99ed-93a964bd8bde,adhoc
NbdEDRRsCI,naive_mini,0,gpt-5.4-mini,naive,74,,,,,,21324,208,,adhoc
NbdEDRRsCI,full_mini,1,gpt-5.4-mini,v6,71,71,74,69,74,72,231663,15728,10208d45-6d7e-4a82-a6f8-5bf5b740fb9e,adhoc
NbdEDRRsCI,naive_mini,1,gpt-5.4-mini,naive,72,,,,,,21324,184,,adhoc
NbdEDRRsCI,full_mini,2,gpt-5.4-mini,v6,72,71,74,68,77,84,138248,19149,c91cc114-5fc9-4dbe-868a-355e953040a4,adhoc
NbdEDRRsCI,naive_mini,2,gpt-5.4-mini,naive,74,,,,,,21322,211,,adhoc
4oA5xPOTmy,full_mini,0,gpt-5.4-mini,v6,64,63,71,60,67,72,330981,17218,825fa472-8f85-47c2-8a29-5a86f1ef081f,adhoc
4oA5xPOTmy,naive_mini,0,gpt-5.4-mini,naive,68,,,,,,25237,177,,adhoc
4oA5xPOTmy,full_mini,1,gpt-5.4-mini,v6,63,58,71,61,67,84,210894,22552,621d0aa3-1aba-4edf-ae84-e5d746da35f7,adhoc
4oA5xPOTmy,naive_mini,1,gpt-5.4-mini,naive,63,,,,,,25238,258,,adhoc
4oA5xPOTmy,full_mini,2,gpt-5.4-mini,v6,65,58,72,66,68,72,266928,14902,a9a429df-07bf-4e64-8320-09091e60b0c2,adhoc
4oA5xPOTmy,naive_mini,2,gpt-5.4-mini,naive,66,,,,,,25233,250,,adhoc
cMEnMVvMw9,full_mini,0,gpt-5.4-mini,v6,63,58,62,64,66,100,166510,17182,228e329a-7843-47bf-a56a-ddbce1332c31,adhoc
cMEnMVvMw9,naive_mini,0,gpt-5.4-mini,naive,38,,,,,,27049,208,,adhoc
cMEnMVvMw9,full_mini,1,gpt-5.4-mini,v6,64,64,67,58,66,88,226646,16128,7371919f-33b5-45eb-bc4f-86621fa136d1,adhoc
cMEnMVvMw9,naive_mini,1,gpt-5.4-mini,naive,56,,,,,,27051,187,,adhoc
cMEnMVvMw9,full_mini,2,gpt-5.4-mini,v6,65,68,64,59,63,88,210708,12744,5daa0469-54c2-47e0-904f-34e5d3188736,adhoc
cMEnMVvMw9,naive_mini,2,gpt-5.4-mini,naive,43,,,,,,27053,177,,adhoc
B7ceNt7AsQ,full_mini,0,gpt-5.4-mini,v6,57,56,59,54,67,60,318500,17715,8800f981-b993-461c-acea-88a15bdb98f2,adhoc
B7ceNt7AsQ,naive_mini,0,gpt-5.4-mini,naive,38,,,,,,34101,228,,adhoc
B7ceNt7AsQ,full_mini,1,gpt-5.4-mini,v6,58,60,58,53,61,68,263564,19787,734f804c-a1dd-4746-89d2-37ef750499a0,adhoc
B7ceNt7AsQ,naive_mini,1,gpt-5.4-mini,naive,38,,,,,,34099,249,,adhoc
B7ceNt7AsQ,full_mini,2,gpt-5.4-mini,v6,58,58,57,54,61,84,261441,17577,e577e387-228c-4285-9be4-930965de55a0,adhoc
B7ceNt7AsQ,naive_mini,2,gpt-5.4-mini,naive,45,,,,,,34099,230,,adhoc
8NXCwNjFNR,full_mini,0,gpt-5.4-mini,v6,64,61,71,57,77,96,398195,14305,4901c85f-69d9-42fb-a92f-c068aef051d3,adhoc
8NXCwNjFNR,naive_mini,0,gpt-5.4-mini,naive,74,,,,,,45523,227,,adhoc
8NXCwNjFNR,full_mini,1,gpt-5.4-mini,v6,63,61,68,58,73,68,546721,18695,5ea5f948-bfed-422a-b185-ba8fcd61b72c,adhoc
8NXCwNjFNR,naive_mini,1,gpt-5.4-mini,naive,66,,,,,,45523,322,,adhoc
8NXCwNjFNR,full_mini,2,gpt-5.4-mini,v6,61,54,72,58,69,88,405150,20332,28043995-b962-41c8-ac6e-ea7a9d5246ec,adhoc
8NXCwNjFNR,naive_mini,2,gpt-5.4-mini,naive,78,,,,,,45526,228,,adhoc
Q9gz8lVyAi,full_mini,0,gpt-5.4-mini,v6,71,68,67,69,79,100,151030,20526,8c7f5abd-2fc8-4f40-96f3-a6e8035cfe0f,adhoc
Q9gz8lVyAi,naive_mini,0,gpt-5.4-mini,naive,67,,,,,,23653,237,,adhoc
Q9gz8lVyAi,full_mini,1,gpt-5.4-mini,v6,72,68,73,72,79,76,233704,15316,056afbc5-bf32-4b23-a35b-8bfa26d57537,adhoc
Q9gz8lVyAi,naive_mini,1,gpt-5.4-mini,naive,55,,,,,,23653,193,,adhoc
Q9gz8lVyAi,full_mini,2,gpt-5.4-mini,v6,70,68,71,67,77,100,151115,18083,4cc35713-3c66-4802-82a2-da25666feecb,adhoc
Q9gz8lVyAi,naive_mini,2,gpt-5.4-mini,naive,72,,,,,,23653,208,,adhoc
6AhDxoT6rq,full,0,gpt-5.4,v6,77,84,78,70,74,72,510122,17974,d8ae749e-a092-4ec0-bf8e-dee8890ba75b,adhoc
6AhDxoT6rq,full,1,gpt-5.4,v6,77,84,80,68,76,84,696134,17769,3b4dbf61-5671-4dac-b8a1-5bffa1d81ecd,adhoc
6AhDxoT6rq,naive,1,gpt-5.4,naive,52,,,,,,121152,2156,,adhoc
6AhDxoT6rq,full,2,gpt-5.4,v6,77,86,78,69,72,76,797988,19734,34b7596b-cf33-419b-9515-783dc31beee6,adhoc
6AhDxoT6rq,naive,2,gpt-5.4,naive,76,,,,,,60641,2101,,adhoc
Ml8t8kQMUP,full,0,gpt-5.4,v6,74,83,72,64,77,88,515640,16628,6dbda407-889e-49c1-8639-db975af3a72a,adhoc
Ml8t8kQMUP,naive,0,gpt-5.4,naive,64,,,,,,61478,402,,adhoc
Ml8t8kQMUP,full,1,gpt-5.4,v6,74,77,72,67,81,92,709472,15209,6a232300-3298-441c-b057-cd686ad225d5,adhoc
Ml8t8kQMUP,naive,1,gpt-5.4,naive,54,,,,,,61480,567,,adhoc
Ml8t8kQMUP,full,2,gpt-5.4,v6,74,81,75,63,78,84,604032,16330,589c6558-ee23-479e-8bbd-5ab05b75caa9,adhoc
Ml8t8kQMUP,naive,2,gpt-5.4,naive,58,,,,,,61480,705,,adhoc
FZczi1S2ji,full,0,gpt-5.4,v6,68,72,66,67,61,68,414757,17079,102b926e-c882-4dcc-ab0a-22d7abb06f42,adhoc
FZczi1S2ji,naive,0,gpt-5.4,naive,23,,,,,,46705,819,,adhoc
FZczi1S2ji,full,1,gpt-5.4,v6,66,68,62,67,63,68,430531,17238,5005be51-f8e8-4abc-b845-9a5ff9af2730,adhoc
FZczi1S2ji,naive,1,gpt-5.4,naive,28,,,,,,46705,1151,,adhoc
FZczi1S2ji,full,2,gpt-5.4,v6,69,72,67,70,61,56,417978,18485,5815e3c6-7dd2-41b6-864c-687fd54d8ba9,adhoc
FZczi1S2ji,naive,2,gpt-5.4,naive,24,,,,,,46705,1440,,adhoc
87ySF7viys,full,0,gpt-5.4,v6,71,76,69,71,64,60,503243,17811,752a4d0a-2401-4447-9754-b1582ee11d1a,adhoc
87ySF7viys,naive,0,gpt-5.4,naive,68,,,,,,29178,1132,,adhoc
87ySF7viys,full,1,gpt-5.4,v6,73,76,72,68,73,84,306433,15371,99370b95-319f-435b-b8d2-833f4a3e8d09,adhoc
87ySF7viys,naive,1,gpt-5.4,naive,64,,,,,,29178,1061,,adhoc
87ySF7viys,full,2,gpt-5.4,v6,71,76,72,69,63,56,617423,17940,a360c022-632d-4f43-9985-bd7fe507f5ef,adhoc
87ySF7viys,naive,2,gpt-5.4,naive,72,,,,,,29178,874,,adhoc
8NuN5UzXLC,naive,0,gpt-5.4,naive,74,,,,,,58416,619,,adhoc
8NuN5UzXLC,full,1,gpt-5.4,v6,76,77,72,76,79,84,491108,17753,2e18ce8b-2373-4f63-ab87-5eb3f2760f94,adhoc
8NuN5UzXLC,naive,1,gpt-5.4,naive,68,,,,,,58416,465,,adhoc
8NuN5UzXLC,full,2,gpt-5.4,v6,75,78,75,68,80,100,405146,17781,5839c28f-58b0-43d2-b41b-7b3f66007047,adhoc
8NuN5UzXLC,naive,2,gpt-5.4,naive,74,,,,,,58416,757,,adhoc
2za3iNkwXn,full,0,gpt-5.4,v6,71,72,70,69,79,72,410672,18928,efa98d3d-b766-4cec-8763-47abd439efbe,adhoc
2za3iNkwXn,naive,0,gpt-5.4,naive,74,,,,,,31824,540,,adhoc
2za3iNkwXn,full,1,gpt-5.4,v6,72,73,72,72,79,60,392221,16974,d8ae8e0d-b2f2-4c35-a2bb-a2e3cae5027d,adhoc
2za3iNkwXn,naive,1,gpt-5.4,naive,72,,,,,,31824,410,,adhoc
2za3iNkwXn,full,2,gpt-5.4,v6,73,74,74,71,81,72,469287,19471,1234a33d-f6e9-4fef-bf9c-86371580945d,adhoc
2za3iNkwXn,naive,2,gpt-5.4,naive,56,,,,,,31824,537,,adhoc
vzlDdOzXAh,full,0,gpt-5.4,v6,73,73,68,74,79,68,409649,15529,11a70ebd-4535-4cc2-b941-32439304f66e,adhoc
vzlDdOzXAh,naive,0,gpt-5.4,naive,68,,,,,,35981,851,,adhoc
vzlDdOzXAh,full,1,gpt-5.4,v6,73,74,71,73,78,60,500372,16940,e658c8b6-9a6d-4364-aad4-490faace79ea,adhoc
vzlDdOzXAh,naive,1,gpt-5.4,naive,67,,,,,,35981,608,,adhoc
vzlDdOzXAh,full,2,gpt-5.4,v6,74,77,70,73,75,80,400089,15814,1ebe9c85-f54a-48bd-9023-9430d42a09a9,adhoc
vzlDdOzXAh,naive,2,gpt-5.4,naive,74,,,,,,35981,1201,,adhoc
skRDw08ql6,full,0,gpt-5.4,v6,73,68,77,75,82,72,283842,15184,c12b9555-5c17-4d96-827e-c8a27e8049ba,adhoc
skRDw08ql6,naive,0,gpt-5.4,naive,63,,,,,,27626,588,,adhoc
skRDw08ql6,full,1,gpt-5.4,v6,73,68,76,72,82,84,224825,15862,829d6ec5-c26e-40ff-87fa-8aca62b27c66,adhoc
skRDw08ql6,naive,1,gpt-5.4,naive,58,,,,,,27628,1142,,adhoc
skRDw08ql6,full,2,gpt-5.4,v6,72,68,76,72,82,60,223006,14202,1c1fb01a-51d4-4d37-9192-402f8a323690,adhoc
skRDw08ql6,naive,2,gpt-5.4,naive,74,,,,,,27628,304,,adhoc
Xhf9YqwlM4,full,0,gpt-5.4,v6,79,86,88,66,79,100,333440,15277,ed1711b6-ea28-41c7-9398-4c53112edd43,adhoc
Xhf9YqwlM4,naive,0,gpt-5.4,naive,84,,,,,,45993,308,,adhoc
Xhf9YqwlM4,full,1,gpt-5.4,v6,80,86,86,69,78,100,472823,14575,30d42f2a-3f33-4c63-be65-6b4762d6f672,adhoc
Xhf9YqwlM4,naive,1,gpt-5.4,naive,84,,,,,,45993,388,,adhoc
Xhf9YqwlM4,full,2,gpt-5.4,v6,80,86,87,68,78,100,483992,17448,6a139b70-f134-4ce1-aa69-1c29c49a4f9e,adhoc
Xhf9YqwlM4,naive,2,gpt-5.4,naive,80,,,,,,45993,334,,adhoc
KkT3f2N4oF,full,0,gpt-5.4,v6,68,71,60,66,70,84,323802,16450,9fa8856d-e980-40b9-8ac0-0b0ba237ef03,adhoc
KkT3f2N4oF,naive,0,gpt-5.4,naive,42,,,,,,24512,1044,,adhoc
KkT3f2N4oF,full,1,gpt-5.4,v6,66,72,63,60,68,80,272610,20506,abed89f5-e957-4fdf-a194-3960469111b9,adhoc
KkT3f2N4oF,naive,1,gpt-5.4,naive,35,,,,,,24514,862,,adhoc
KkT3f2N4oF,full,2,gpt-5.4,v6,64,68,54,60,67,88,324315,18542,1a2a427f-0687-4ecd-bab7-7e2770365fc6,adhoc
KkT3f2N4oF,naive,2,gpt-5.4,naive,45,,,,,,24512,684,,adhoc
d5qElNtXS5,full,0,gpt-5.4,v6,71,74,63,69,73,84,519913,15900,52700f3d-86bf-4b15-bcaf-dc3daa1ef804,adhoc
d5qElNtXS5,naive,0,gpt-5.4,naive,38,,,,,,28592,726,,adhoc
d5qElNtXS5,full,1,gpt-5.4,v6,70,72,61,69,72,100,231462,16212,52b1e011-d70d-471a-a09c-e5a5d14fb3ef,adhoc
d5qElNtXS5,naive,1,gpt-5.4,naive,32,,,,,,28592,891,,adhoc
d5qElNtXS5,full,2,gpt-5.4,v6,70,74,62,70,68,84,300350,16662,1c1298d4-28cf-47fd-aff4-ab95f5deaa81,adhoc
d5qElNtXS5,naive,2,gpt-5.4,naive,35,,,,,,28592,869,,adhoc
Vsgq2ldr4K,full,0,gpt-5.4,v6,72,76,64,70,81,72,250132,16491,02943ee3-953c-49cb-823f-f7cfb977d20b,adhoc
Vsgq2ldr4K,naive,0,gpt-5.4,naive,72,,,,,,23642,350,,adhoc
Vsgq2ldr4K,full,1,gpt-5.4,v6,72,74,68,69,81,68,330290,18459,9d8b80ce-3904-4afc-8e54-fbdfc0031500,adhoc
Vsgq2ldr4K,naive,1,gpt-5.4,naive,74,,,,,,23642,399,,adhoc
Vsgq2ldr4K,full,2,gpt-5.4,v6,75,77,69,74,83,72,367941,17150,f9de389f-edc9-49d7-b1ca-61d78cab8b64,adhoc
Vsgq2ldr4K,naive,2,gpt-5.4,naive,76,,,,,,23642,448,,adhoc
9C4gVbPqSy,full,0,gpt-5.4,v6,80,79,76,80,80,100,519811,14728,19a72b4f-d737-459d-b188-bbee2d49373d,adhoc
9C4gVbPqSy,naive,0,gpt-5.4,naive,79,,,,,,60252,556,,adhoc
9C4gVbPqSy,full,1,gpt-5.4,v6,78,74,76,81,80,100,586198,16926,290bee87-b261-479e-9700-edee7a935801,adhoc
9C4gVbPqSy,naive,1,gpt-5.4,naive,78,,,,,,60252,438,,adhoc
9C4gVbPqSy,full,2,gpt-5.4,v6,81,81,70,83,82,100,521295,17319,f7da9588-c979-4ce4-a8b5-c4e5a9bfe76f,adhoc
9C4gVbPqSy,naive,2,gpt-5.4,naive,79,,,,,,60242,1057,,adhoc
VKGTGGcwl6,full,0,gpt-5.4,v6,74,76,74,71,84,72,447173,17085,ffbf0ab9-c364-4a7c-be76-ab0fb42ebfad,adhoc
VKGTGGcwl6,naive,0,gpt-5.4,naive,82,,,,,,50897,264,,adhoc
VKGTGGcwl6,full,1,gpt-5.4,v6,74,78,75,69,83,68,630617,16157,f9a339f6-c7a2-4dde-8cd1-f313c8b28cac,adhoc
VKGTGGcwl6,naive,1,gpt-5.4,naive,85,,,,,,50897,408,,adhoc
VKGTGGcwl6,full,2,gpt-5.4,v6,77,79,75,72,85,84,446937,21369,2165e2b1-fb84-4d89-b6c7-d2c81462e1ed,adhoc
VKGTGGcwl6,naive,2,gpt-5.4,naive,86,,,,,,50897,327,,adhoc
HcubxPWpw7,full,0,gpt-5.4,v6,79,81,75,77,81,100,402982,16173,06886a1c-845c-461d-820e-2cd4ea3c01d5,adhoc
HcubxPWpw7,naive,0,gpt-5.4,naive,78,,,,,,45559,466,,adhoc
HcubxPWpw7,full,1,gpt-5.4,v6,77,76,72,76,78,100,494876,15306,a927360b-5679-4d75-9da2-21bc8d0e5114,adhoc
HcubxPWpw7,naive,1,gpt-5.4,naive,74,,,,,,45559,511,,adhoc
HcubxPWpw7,full,2,gpt-5.4,v6,77,78,76,74,81,88,422175,17344,cb171e6a-8f82-48fa-b106-f530436ac037,adhoc
HcubxPWpw7,naive,2,gpt-5.4,naive,74,,,,,,45559,563,,adhoc
lKqE7UuMvp,full,0,gpt-5.4,v6,75,78,73,72,79,80,433319,18339,a47c52ee-021a-4594-be0c-1e57adb2bdbe,adhoc
lKqE7UuMvp,naive,0,gpt-5.4,naive,82,,,,,,37212,800,,adhoc
lKqE7UuMvp,full,1,gpt-5.4,v6,75,77,74,72,78,88,279374,13649,4b089960-ce0d-4841-bf54-0ec8d46d6e94,adhoc
lKqE7UuMvp,naive,1,gpt-5.4,naive,78,,,,,,37212,392,,adhoc
lKqE7UuMvp,full,2,gpt-5.4,v6,76,78,75,70,77,100,278869,19044,40e7ffcb-32f3-4565-8b60-282ec85c57f6,adhoc
lKqE7UuMvp,naive,2,gpt-5.4,naive,82,,,,,,37212,295,,adhoc
T5wkZJqzkz,full,0,gpt-5.4,v6,78,76,72,79,83,100,562740,16946,bbcabda4-cfcb-4ec6-a2ff-c13734dbd600,adhoc
T5wkZJqzkz,naive,0,gpt-5.4,naive,78,,,,,,45287,407,,adhoc
T5wkZJqzkz,full,1,gpt-5.4,v6,76,76,68,79,75,88,413650,11421,cd800090-386a-4f9b-87ba-9c3fba87700e,adhoc
T5wkZJqzkz,naive,1,gpt-5.4,naive,76,,,,,,45287,588,,adhoc
T5wkZJqzkz,full,2,gpt-5.4,v6,77,74,72,78,81,100,492709,16446,4067651a-a0da-45f2-9f37-abc9bf307b98,adhoc
T5wkZJqzkz,naive,2,gpt-5.4,naive,78,,,,,,45287,433,,adhoc
v8yooSV1AW,full,0,gpt-5.4,v6,65,72,56,63,53,88,437405,17217,6fe04de9-3aae-4be6-aac4-a6fba8a611c6,adhoc
v8yooSV1AW,naive,0,gpt-5.4,naive,41,,,,,,63549,603,,adhoc
v8yooSV1AW,full,1,gpt-5.4,v6,67,76,64,58,57,100,526393,14170,40441926-b7d4-4dbe-ab45-3ad05f90bdf2,adhoc
v8yooSV1AW,naive,1,gpt-5.4,naive,33,,,,,,63549,557,,adhoc
v8yooSV1AW,full,2,gpt-5.4,v6,65,74,58,61,55,84,626054,15278,ec5f89f5-c35c-4572-9f7f-99342d4dc686,adhoc
v8yooSV1AW,naive,2,gpt-5.4,naive,40,,,,,,63549,838,,adhoc
Q3yLIIkt7z,full,0,gpt-5.4,v6,74,84,72,61,77,100,369561,17346,98bcec8e-57a6-4f2e-a591-e060b2d3f5a6,adhoc
Q3yLIIkt7z,naive,0,gpt-5.4,naive,82,,,,,,51718,300,,adhoc
Q3yLIIkt7z,full,1,gpt-5.4,v6,73,84,68,62,76,96,555576,18011,b9af8e11-e12a-446c-b1ac-e61eb61ac243,adhoc
Q3yLIIkt7z,naive,1,gpt-5.4,naive,80,,,,,,51718,366,,adhoc
Q3yLIIkt7z,full,2,gpt-5.4,v6,74,84,70,63,78,100,541187,15408,48c6fcec-4d5c-4f95-a0a2-d52f9c53f1ff,adhoc
Q3yLIIkt7z,naive,2,gpt-5.4,naive,82,,,,,,51718,352,,adhoc
q8fTgw8e5E,full,0,gpt-5.4,v6,72,77,70,64,75,92,424781,17192,8993b08f-aa52-4177-9884-2d5531f1fde0,adhoc
q8fTgw8e5E,naive,0,gpt-5.4,naive,72,,,,,,49108,492,,adhoc
q8fTgw8e5E,full,1,gpt-5.4,v6,70,76,70,63,72,72,508376,17828,c53efd53-39e0-4ad8-8d8a-6c3e2938c802,adhoc
q8fTgw8e5E,naive,1,gpt-5.4,naive,72,,,,,,49108,533,,adhoc
q8fTgw8e5E,full,2,gpt-5.4,v6,69,76,67,63,71,64,608520,20391,16bbf5e8-7ffa-47a5-9d6b-cdf9dfbeb073,adhoc
q8fTgw8e5E,naive,2,gpt-5.4,naive,72,,,,,,49108,398,,adhoc
NbdEDRRsCI,full,0,gpt-5.4,v6,75,76,74,72,77,84,237428,18891,58e9f2e0-1717-4252-9eff-1f2c3ef137a1,adhoc
NbdEDRRsCI,naive,0,gpt-5.4,naive,65,,,,,,21322,335,,adhoc
NbdEDRRsCI,full,1,gpt-5.4,v6,78,77,79,76,75,100,249775,14255,913ccfbc-278f-45b8-909e-c328efe7bf45,adhoc
NbdEDRRsCI,naive,1,gpt-5.4,naive,71,,,,,,21322,311,,adhoc
NbdEDRRsCI,full,2,gpt-5.4,v6,76,76,74,77,73,92,237281,17181,279ae68d-5bcb-4f2f-865a-62b09668bee6,adhoc
NbdEDRRsCI,naive,2,gpt-5.4,naive,72,,,,,,21322,567,,adhoc
4oA5xPOTmy,full,0,gpt-5.4,v6,67,62,72,70,71,56,496115,16704,e7f79315-0e48-4705-8e3d-2112b7ff837b,adhoc
4oA5xPOTmy,naive,0,gpt-5.4,naive,62,,,,,,25228,686,,adhoc
4oA5xPOTmy,full,1,gpt-5.4,v6,69,72,69,66,71,68,264922,20114,893fff31-83ad-4764-9575-739cf6ba8455,adhoc
4oA5xPOTmy,naive,1,gpt-5.4,naive,64,,,,,,25231,914,,adhoc
4oA5xPOTmy,full,2,gpt-5.4,v6,70,71,74,63,72,96,300321,12661,e1de617e-f2af-449a-83b6-c18581f4be81,adhoc
4oA5xPOTmy,naive,2,gpt-5.4,naive,64,,,,,,25231,751,,adhoc
cMEnMVvMw9,full,0,gpt-5.4,v6,70,71,64,72,63,81,263936,14160,05b7adff-3b6f-4ac8-b583-321e2db51c68,adhoc
cMEnMVvMw9,naive,0,gpt-5.4,naive,32,,,,,,27049,1105,,adhoc
cMEnMVvMw9,full,1,gpt-5.4,v6,72,72,70,74,67,82,262681,13270,1ce03df5-7d8d-4b2c-a1e9-59df72b5f19e,adhoc
cMEnMVvMw9,naive,1,gpt-5.4,naive,32,,,,,,27049,1247,,adhoc
cMEnMVvMw9,full,2,gpt-5.4,v6,71,73,67,72,66,81,230187,16539,dd2361ee-b070-47bc-b341-bb664ed9b35a,adhoc
cMEnMVvMw9,naive,2,gpt-5.4,naive,30,,,,,,27049,1308,,adhoc
B7ceNt7AsQ,full,0,gpt-5.4,v6,65,72,63,57,68,74,277251,15405,c54f3e91-7470-4440-b5e5-bc67fafb5058,adhoc
B7ceNt7AsQ,naive,0,gpt-5.4,naive,42,,,,,,34097,597,,adhoc
B7ceNt7AsQ,full,1,gpt-5.4,v6,67,74,63,61,69,78,278843,14855,18e6b25c-897e-47d7-9281-c5200235c8e9,adhoc
B7ceNt7AsQ,naive,1,gpt-5.4,naive,42,,,,,,34099,748,,adhoc
B7ceNt7AsQ,full,2,gpt-5.4,v6,69,74,64,66,63,80,277067,14398,2036256d-2229-4af4-ab09-ffa5cf98e8a5,adhoc
B7ceNt7AsQ,naive,2,gpt-5.4,naive,46,,,,,,34099,600,,adhoc
8NXCwNjFNR,full,0,gpt-5.4,v6,74,74,69,77,73,78,304100,12393,7014e2b6-4c18-4249-a09f-92c505fd94b8,adhoc
8NXCwNjFNR,naive,0,gpt-5.4,naive,68,,,,,,45523,414,,adhoc
8NXCwNjFNR,full,1,gpt-5.4,v6,77,76,74,78,80,78,411223,15588,79759ed2-bb62-4e63-a1fe-625405a08205,adhoc
8NXCwNjFNR,naive,1,gpt-5.4,naive,63,,,,,,45534,630,,adhoc
8NXCwNjFNR,full,2,gpt-5.4,v6,73,74,73,71,79,77,358572,15654,3165b678-c1bf-4a37-883b-d1c765730383,adhoc
8NXCwNjFNR,naive,2,gpt-5.4,naive,72,,,,,,45539,794,,adhoc
Q9gz8lVyAi,full,0,gpt-5.4,v6,76,76,72,77,74,82,203134,16382,c55bcd30-a2fb-4570-a797-6a1c87ae9ce5,adhoc
Q9gz8lVyAi,naive,0,gpt-5.4,naive,62,,,,,,23649,501,,adhoc
Q9gz8lVyAi,full,1,gpt-5.4,v6,76,76,74,78,72,79,172791,13963,28fd1a71-fb4a-4eb0-a509-77a1b14c0175,adhoc
Q9gz8lVyAi,naive,1,gpt-5.4,naive,62,,,,,,23651,1130,,adhoc
Q9gz8lVyAi,full,2,gpt-5.4,v6,75,76,72,74,73,81,204584,15150,f168d6c4-a3da-4955-b4cd-fc50141b3bcf,adhoc
Q9gz8lVyAi,naive,2,gpt-5.4,naive,63,,,,,,23651,601,,adhoc
8NuN5UzXLC,full,0,gpt-5.4,v6,76,79,72,73,78,96,496200,16171,f845201c-be1c-4c33-a234-4ae8dfb6b5b1,adhoc
